Reference,Date,Pickup time,Service,Passenger miles,Destination,Deadhead charge,Short notice charge,Schedule premium,Fare after member savings
"MOCK-20261010-01","2026-10-11","09:00","ambulatory","4","MOCK TRIP destination — Olney, MD","1.77","0.00","weekend","98.36"
"MOCK-20261010-02","2026-10-14","05:30","wheelchair","12","MOCK TRIP destination — Bethesda, MD","12.30","29.40","after-hours","189.99"
"MOCK-20261010-03","2026-10-17","13:15","wheelchair","28","MOCK TRIP destination — Rockville, MD","22.55","0.00","weekend","259.58"
"MOCK-20261010-04","2026-10-20","10:00","ambulatory","7","MOCK TRIP destination — Gaithersburg, MD","1.77","0.00","","83.72"
"MOCK-20261010-05","2026-10-23","20:30","stretcher","45","MOCK TRIP destination — Baltimore, MD","143.10","0.00","after-hours","1106.72"
"MOCK-20261010-06","2026-10-26","07:00","wheelchair","8","MOCK TRIP destination — Germantown, MD","0.00","0.00","","97.77"
"MOCK-20261010-07","2026-10-29","16:00","bariatric","65","MOCK TRIP destination — Annapolis, MD","288.55","0.00","","1273.32"
"MOCK-20261010-08","2026-11-01","23:15","ambulatory","18","MOCK TRIP destination — Silver Spring, MD","24.85","0.00","weekend","183.92"
"MOCK-20261010-09","2026-11-04","11:00","wheelchair","20","MOCK TRIP destination — Bethesda, MD","12.30","29.40","","189.54"
"MOCK-20261010-10","2026-11-07","14:00","broda","95","MOCK TRIP destination — Hagerstown, MD","231.00","0.00","weekend","1073.60"
"MOCK-20261010-11","2026-11-11","09:30","wheelchair","35","MOCK TRIP destination — Frederick, MD","41.00","0.00","holiday","316.28"
"MOCK-20261010-12","2026-11-14","18:50","ambulatory","22","MOCK TRIP destination — Columbia, MD","33.72","0.00","weekend","211.89"
"MOCK-20261010-13","2026-11-17","08:00","stretcher","145","MOCK TRIP destination — Cumberland, MD","512.77","0.00","","2046.75"
"MOCK-20261010-14","2026-11-20","12:00","wheelchair","130","MOCK TRIP destination — Hershey, PA","241.90","0.00","","852.57"
"MOCK-20261010-15","2026-11-23","06:00","bariatric","48","MOCK TRIP destination — Baltimore, MD","199.00","0.00","after-hours","1262.63"
"MOCK-20261010-16","2026-11-26","10:00","ambulatory","15","MOCK TRIP destination — Olney, MD","21.30","0.00","holiday","165.98"
"MOCK-20261010-17","2026-11-29","21:00","bls","165","MOCK TRIP destination — Morgantown, WV","1572.50","0.00","weekend","6903.05"
"MOCK-20261010-18","2026-12-02","13:30","wheelchair","175","MOCK TRIP destination — Ocean City, MD","319.80","0.00","","1119.89"
"MOCK-20261010-19","2026-12-05","02:00","stretcher","55","MOCK TRIP destination — Annapolis, MD","178.88","0.00","weekend","1245.90"
"MOCK-20261010-20","2026-12-08","17:30","ambulatory","6","MOCK TRIP destination — Germantown, MD","0.00","0.00","","78.27"